{
  "total_crashes": 204,
  "total_laps": 287,
  "first_lap_time": 0.48333333333333334,
  "best_lap_time": 0.03333333333333333,
  "current_episode": 204,
  "lap_times": [
    0.48333333333333334,
    0.06666666666666667,
    0.18333333333333332,
    0.05,
    0.03333333333333333,
    0.03333333333333333,
    0.06666666666666667,
    0.06666666666666667,
    0.11666666666666667,
    0.2,
    0.8166666666666667,
    0.4166666666666667,
    0.9666666666666667,
    0.03333333333333333,
    0.2833333333333333,
    0.13333333333333333,
    0.1,
    0.4666666666666667,
    0.03333333333333333,
    0.16666666666666666,
    0.21666666666666667,
    0.23333333333333334,
    0.43333333333333335,
    0.03333333333333333,
    0.03333333333333333,
    0.05,
    0.13333333333333333,
    0.3,
    0.95,
    0.16666666666666666,
    0.23333333333333334,
    0.11666666666666667,
    0.05,
    0.6833333333333333,
    0.7,
    0.55,
    0.11666666666666667,
    0.2,
    0.35,
    0.4166666666666667,
    0.26666666666666666,
    0.1,
    0.06666666666666667,
    0.8,
    0.23333333333333334,
    0.03333333333333333,
    0.45,
    0.7833333333333333,
    0.03333333333333333,
    0.31666666666666665,
    0.03333333333333333,
    0.15,
    0.03333333333333333,
    0.1,
    0.35,
    0.3,
    0.8666666666666667,
    0.21666666666666667,
    0.25,
    0.38333333333333336,
    0.08333333333333333,
    0.5166666666666667,
    1.35,
    0.13333333333333333,
    0.18333333333333332,
    0.2,
    0.6333333333333333,
    0.18333333333333332,
    0.65,
    0.43333333333333335,
    1.0166666666666666,
    0.16666666666666666,
    0.16666666666666666,
    0.5333333333333333,
    0.5333333333333333,
    0.11666666666666667,
    0.5833333333333334,
    0.7833333333333333,
    0.18333333333333332,
    0.9833333333333333,
    0.5833333333333334,
    0.05,
    0.03333333333333333,
    0.18333333333333332,
    0.5333333333333333,
    0.8333333333333334,
    1.2333333333333334,
    0.38333333333333336,
    0.31666666666666665,
    0.26666666666666666,
    0.35,
    1.2666666666666666,
    0.1,
    0.4166666666666667,
    0.1,
    0.35,
    0.05,
    0.16666666666666666,
    0.3,
    0.48333333333333334,
    0.23333333333333334,
    0.43333333333333335,
    0.48333333333333334,
    1.95,
    0.11666666666666667,
    0.21666666666666667,
    0.08333333333333333,
    0.48333333333333334,
    0.16666666666666666,
    0.95,
    0.38333333333333336,
    0.3,
    0.48333333333333334,
    0.5666666666666667,
    0.1,
    0.45,
    0.26666666666666666,
    0.18333333333333332,
    0.13333333333333333,
    0.3333333333333333,
    0.5833333333333334,
    0.7666666666666667,
    1.0833333333333333,
    0.4666666666666667,
    0.21666666666666667,
    0.3,
    0.3,
    0.2,
    0.7666666666666667,
    1.5333333333333334,
    0.13333333333333333,
    0.18333333333333332,
    0.45,
    0.11666666666666667,
    0.15,
    0.18333333333333332,
    1.0166666666666666,
    0.1,
    0.13333333333333333,
    0.8,
    1.3666666666666667,
    1.45,
    0.2,
    0.38333333333333336,
    0.2,
    0.4666666666666667,
    0.43333333333333335,
    0.21666666666666667,
    0.11666666666666667,
    0.3,
    0.15,
    0.05,
    1.2833333333333334,
    0.36666666666666664,
    0.6333333333333333,
    0.13333333333333333,
    0.65,
    0.6333333333333333,
    0.08333333333333333,
    0.1,
    0.2833333333333333,
    0.43333333333333335,
    0.2833333333333333,
    0.25,
    0.25,
    0.26666666666666666,
    0.13333333333333333,
    0.26666666666666666,
    0.3333333333333333,
    0.3,
    0.16666666666666666,
    0.55,
    0.15,
    0.55,
    1.1333333333333333,
    0.3333333333333333,
    0.35,
    0.35,
    0.8,
    0.31666666666666665,
    0.7166666666666667,
    0.2,
    0.03333333333333333,
    0.06666666666666667,
    0.16666666666666666,
    0.9333333333333333,
    0.45,
    0.7666666666666667,
    0.9166666666666666,
    1.35,
    0.08333333333333333,
    0.11666666666666667,
    0.1,
    0.03333333333333333,
    0.13333333333333333,
    0.3333333333333333,
    0.6166666666666667,
    0.7166666666666667,
    0.4166666666666667,
    0.5666666666666667,
    0.31666666666666665,
    0.45,
    0.6166666666666667,
    0.8666666666666667,
    0.23333333333333334,
    0.55,
    0.2833333333333333,
    0.4666666666666667,
    0.85,
    0.21666666666666667,
    0.4666666666666667,
    0.23333333333333334,
    0.3,
    0.6166666666666667,
    0.06666666666666667,
    0.2833333333333333,
    0.7833333333333333,
    1.0,
    0.35,
    0.3333333333333333,
    0.55,
    1.6,
    0.5333333333333333,
    0.8166666666666667,
    0.13333333333333333,
    0.06666666666666667,
    0.18333333333333332,
    0.5166666666666667,
    0.6,
    0.43333333333333335,
    0.4666666666666667,
    0.21666666666666667,
    0.5666666666666667,
    0.2,
    0.15,
    0.2833333333333333,
    0.75,
    1.2166666666666666,
    0.7166666666666667,
    0.21666666666666667,
    0.31666666666666665,
    0.38333333333333336,
    0.08333333333333333,
    0.36666666666666664,
    0.16666666666666666,
    0.1,
    0.03333333333333333,
    0.06666666666666667,
    0.21666666666666667,
    0.2833333333333333,
    0.4,
    0.43333333333333335,
    1.1,
    0.13333333333333333,
    0.1,
    0.05,
    0.5166666666666667,
    0.55,
    0.21666666666666667,
    0.13333333333333333,
    0.26666666666666666,
    0.2833333333333333,
    0.3333333333333333,
    0.95,
    1.1833333333333333,
    0.11666666666666667,
    0.31666666666666665,
    0.18333333333333332,
    0.75,
    0.13333333333333333,
    0.2833333333333333,
    0.5333333333333333,
    0.6333333333333333,
    0.48333333333333334,
    0.7166666666666667,
    0.65,
    0.5,
    0.1,
    0.03333333333333333,
    0.03333333333333333,
    0.08333333333333333,
    0.5,
    0.7666666666666667,
    0.05,
    0.13333333333333333,
    0.2,
    0.36666666666666664
  ],
  "updated_at": 1784615017.8604443
}