{
  "total_crashes": 183,
  "total_laps": 174,
  "first_lap_time": 0.38333333333333336,
  "best_lap_time": 0.03333333333333333,
  "current_episode": 183,
  "lap_times": [
    0.38333333333333336,
    0.08333333333333333,
    0.05,
    0.03333333333333333,
    0.3,
    0.03333333333333333,
    0.05,
    0.15,
    0.06666666666666667,
    0.18333333333333332,
    0.08333333333333333,
    0.16666666666666666,
    0.03333333333333333,
    0.08333333333333333,
    0.08333333333333333,
    0.2833333333333333,
    0.06666666666666667,
    0.06666666666666667,
    0.6833333333333333,
    0.05,
    0.06666666666666667,
    0.36666666666666664,
    0.11666666666666667,
    0.03333333333333333,
    0.1,
    0.05,
    0.5333333333333333,
    0.3,
    0.2,
    0.9,
    0.1,
    0.1,
    0.11666666666666667,
    0.48333333333333334,
    0.2833333333333333,
    0.45,
    0.43333333333333335,
    0.5833333333333334,
    0.15,
    0.11666666666666667,
    0.03333333333333333,
    0.7333333333333333,
    0.13333333333333333,
    0.4166666666666667,
    0.9,
    0.21666666666666667,
    1.05,
    0.16666666666666666,
    0.18333333333333332,
    0.15,
    0.08333333333333333,
    0.08333333333333333,
    0.18333333333333332,
    0.13333333333333333,
    0.6166666666666667,
    0.8333333333333334,
    0.9166666666666666,
    0.18333333333333332,
    1.1333333333333333,
    0.06666666666666667,
    0.05,
    0.25,
    0.05,
    0.05,
    0.08333333333333333,
    0.6666666666666666,
    0.16666666666666666,
    0.4166666666666667,
    0.11666666666666667,
    0.05,
    0.21666666666666667,
    1.4333333333333333,
    0.23333333333333334,
    0.06666666666666667,
    0.16666666666666666,
    0.8,
    0.8,
    0.45,
    0.5666666666666667,
    1.7666666666666666,
    0.25,
    0.18333333333333332,
    0.43333333333333335,
    0.06666666666666667,
    0.55,
    0.7666666666666667,
    0.5333333333333333,
    0.36666666666666664,
    0.5666666666666667,
    1.3666666666666667,
    0.18333333333333332,
    0.5,
    0.7333333333333333,
    0.4,
    0.5,
    0.5333333333333333,
    0.2,
    0.5166666666666667,
    0.26666666666666666,
    0.3333333333333333,
    1.9166666666666667,
    0.5666666666666667,
    1.1666666666666667,
    0.5666666666666667,
    1.2333333333333334,
    0.08333333333333333,
    0.5333333333333333,
    0.55,
    0.16666666666666666,
    0.05,
    0.15,
    0.21666666666666667,
    0.2833333333333333,
    0.4166666666666667,
    0.7833333333333333,
    0.03333333333333333,
    0.15,
    0.7833333333333333,
    1.2166666666666666,
    0.05,
    0.38333333333333336,
    0.3333333333333333,
    0.8833333333333333,
    0.15,
    0.16666666666666666,
    1.25,
    0.11666666666666667,
    0.38333333333333336,
    0.4166666666666667,
    1.0666666666666667,
    0.03333333333333333,
    1.4333333333333333,
    0.36666666666666664,
    0.9166666666666666,
    0.38333333333333336,
    0.5666666666666667,
    1.1,
    0.5666666666666667,
    0.06666666666666667,
    0.3,
    0.21666666666666667,
    0.85,
    0.25,
    0.38333333333333336,
    0.5166666666666667,
    0.43333333333333335,
    0.25,
    0.06666666666666667,
    0.4,
    0.7,
    0.2,
    0.11666666666666667,
    0.15,
    0.65,
    0.11666666666666667,
    0.05,
    0.16666666666666666,
    0.7166666666666667,
    0.6666666666666666,
    0.08333333333333333,
    0.3333333333333333,
    1.05,
    0.18333333333333332,
    0.1,
    0.43333333333333335,
    0.08333333333333333,
    0.11666666666666667,
    0.05,
    0.23333333333333334,
    0.26666666666666666,
    0.3,
    0.3333333333333333,
    0.15,
    0.03333333333333333
  ],
  "updated_at": 1784663924.464607
}