{
  "total_crashes": 83,
  "total_laps": 469,
  "first_lap_time": 0.06666666666666667,
  "best_lap_time": 0.03333333333333333,
  "current_episode": 87,
  "lap_times": [
    0.06666666666666667,
    0.11666666666666667,
    0.16666666666666666,
    0.06666666666666667,
    0.11666666666666667,
    0.06666666666666667,
    0.1,
    0.03333333333333333,
    0.11666666666666667,
    0.06666666666666667,
    0.6166666666666667,
    0.03333333333333333,
    0.21666666666666667,
    0.23333333333333334,
    0.36666666666666664,
    0.11666666666666667,
    0.75,
    2.8,
    1.6666666666666667,
    0.05,
    0.2,
    0.9,
    0.1,
    0.23333333333333334,
    0.11666666666666667,
    0.06666666666666667,
    0.85,
    0.5333333333333333,
    0.06666666666666667,
    1.25,
    1.55,
    0.75,
    0.11666666666666667,
    0.03333333333333333,
    0.5666666666666667,
    1.4166666666666667,
    1.3166666666666667,
    0.43333333333333335,
    1.1,
    1.0333333333333334,
    0.6,
    0.9333333333333333,
    0.65,
    0.85,
    0.5166666666666667,
    2.4833333333333334,
    0.36666666666666664,
    0.45,
    2.8666666666666667,
    1.65,
    1.7833333333333334,
    0.9333333333333333,
    2.55,
    0.48333333333333334,
    1.1166666666666667,
    3.6666666666666665,
    1.8,
    0.4666666666666667,
    1.35,
    0.9166666666666666,
    1.9,
    0.45,
    0.48333333333333334,
    0.7333333333333333,
    1.0833333333333333,
    0.3333333333333333,
    0.15,
    0.26666666666666666,
    0.4,
    0.5333333333333333,
    1.1,
    0.9166666666666666,
    1.95,
    1.1166666666666667,
    0.5333333333333333,
    1.4333333333333333,
    0.06666666666666667,
    0.2833333333333333,
    0.45,
    0.55,
    0.55,
    1.1333333333333333,
    0.45,
    0.6166666666666667,
    0.5333333333333333,
    1.5,
    1.05,
    0.65,
    0.8166666666666667,
    0.6833333333333333,
    0.4166666666666667,
    0.8666666666666667,
    0.11666666666666667,
    0.4666666666666667,
    0.15,
    0.31666666666666665,
    0.6333333333333333,
    0.25,
    1.05,
    0.55,
    0.2,
    0.6333333333333333,
    0.4,
    0.6666666666666666,
    0.8666666666666667,
    0.9,
    0.45,
    0.4666666666666667,
    0.4666666666666667,
    0.5,
    0.7166666666666667,
    0.4666666666666667,
    0.26666666666666666,
    0.7333333333333333,
    0.7,
    1.3,
    0.2833333333333333,
    0.75,
    0.1,
    0.11666666666666667,
    0.48333333333333334,
    0.13333333333333333,
    0.13333333333333333,
    0.1,
    0.3333333333333333,
    0.8333333333333334,
    1.3666666666666667,
    0.8166666666666667,
    0.6333333333333333,
    1.1,
    0.6,
    0.2833333333333333,
    0.16666666666666666,
    0.3333333333333333,
    0.05,
    0.38333333333333336,
    1.1,
    0.6,
    0.8666666666666667,
    0.7666666666666667,
    0.36666666666666664,
    0.8333333333333334,
    1.7333333333333334,
    0.5166666666666667,
    0.5833333333333334,
    0.7,
    0.26666666666666666,
    0.65,
    0.5833333333333334,
    0.55,
    0.1,
    0.11666666666666667,
    0.08333333333333333,
    0.11666666666666667,
    0.5666666666666667,
    0.65,
    0.36666666666666664,
    0.23333333333333334,
    0.13333333333333333,
    0.4,
    0.4166666666666667,
    0.35,
    0.6166666666666667,
    0.5833333333333334,
    0.9333333333333333,
    0.5666666666666667,
    0.95,
    0.43333333333333335,
    0.16666666666666666,
    0.2,
    0.13333333333333333,
    0.15,
    0.4,
    0.11666666666666667,
    0.18333333333333332,
    0.43333333333333335,
    0.23333333333333334,
    0.08333333333333333,
    0.23333333333333334,
    0.2,
    0.11666666666666667,
    0.35,
    0.7166666666666667,
    0.6,
    0.38333333333333336,
    0.13333333333333333,
    0.6166666666666667,
    0.55,
    0.48333333333333334,
    0.5166666666666667,
    0.8833333333333333,
    0.16666666666666666,
    0.05,
    0.25,
    1.0666666666666667,
    0.6833333333333333,
    0.45,
    0.5166666666666667,
    0.4166666666666667,
    0.48333333333333334,
    0.5333333333333333,
    0.13333333333333333,
    0.4166666666666667,
    0.11666666666666667,
    0.31666666666666665,
    0.23333333333333334,
    0.43333333333333335,
    0.5333333333333333,
    0.75,
    1.55,
    0.7166666666666667,
    0.6166666666666667,
    0.38333333333333336,
    0.25,
    0.15,
    0.6333333333333333,
    0.7,
    0.6833333333333333,
    0.03333333333333333,
    0.5333333333333333,
    0.9166666666666666,
    0.8666666666666667,
    0.03333333333333333,
    0.21666666666666667,
    0.31666666666666665,
    0.8833333333333333,
    0.5666666666666667,
    1.9833333333333334,
    1.1,
    0.18333333333333332,
    0.06666666666666667,
    0.1,
    0.26666666666666666,
    0.4,
    0.38333333333333336,
    0.55,
    0.3333333333333333,
    0.4,
    0.6333333333333333,
    0.36666666666666664,
    0.4,
    0.26666666666666666,
    0.21666666666666667,
    0.08333333333333333,
    0.18333333333333332,
    0.21666666666666667,
    0.11666666666666667,
    0.21666666666666667,
    0.16666666666666666,
    0.13333333333333333,
    0.55,
    0.25,
    0.43333333333333335,
    0.9833333333333333,
    0.8333333333333334,
    0.43333333333333335,
    0.8833333333333333,
    0.6666666666666666,
    0.9833333333333333,
    0.6,
    0.55,
    0.7166666666666667,
    0.55,
    0.35,
    0.15,
    0.26666666666666666,
    0.26666666666666666,
    0.2833333333333333,
    0.3333333333333333,
    0.2,
    0.13333333333333333,
    0.21666666666666667,
    0.4,
    0.16666666666666666,
    0.15,
    0.2,
    0.06666666666666667,
    0.25,
    0.3333333333333333,
    0.6166666666666667,
    0.25,
    0.23333333333333334,
    0.3333333333333333,
    0.5333333333333333,
    0.43333333333333335,
    0.6333333333333333,
    0.85,
    0.5,
    0.55,
    0.21666666666666667,
    0.6666666666666666,
    0.21666666666666667,
    0.3,
    0.2,
    0.43333333333333335,
    0.35,
    0.36666666666666664,
    0.16666666666666666,
    0.6,
    0.38333333333333336,
    0.18333333333333332,
    0.2833333333333333,
    0.2833333333333333,
    0.48333333333333334,
    0.13333333333333333,
    0.38333333333333336,
    0.26666666666666666,
    0.26666666666666666,
    0.1,
    0.21666666666666667,
    0.16666666666666666,
    0.3,
    0.4166666666666667,
    0.35,
    0.5666666666666667,
    0.4166666666666667,
    0.6666666666666666,
    0.3333333333333333,
    0.3333333333333333,
    0.35,
    0.15,
    0.2833333333333333,
    0.65,
    0.55,
    0.2833333333333333,
    0.31666666666666665,
    0.5833333333333334,
    0.7833333333333333,
    1.1166666666666667,
    0.6166666666666667,
    0.55,
    0.5166666666666667,
    0.4166666666666667,
    0.31666666666666665,
    0.43333333333333335,
    0.18333333333333332,
    0.13333333333333333,
    0.6,
    0.6,
    0.55,
    0.6166666666666667,
    0.7666666666666667,
    0.5166666666666667,
    0.36666666666666664,
    0.18333333333333332,
    0.11666666666666667,
    0.5666666666666667,
    0.4166666666666667,
    0.38333333333333336,
    0.25,
    0.21666666666666667,
    0.36666666666666664,
    1.1333333333333333,
    0.8,
    0.8666666666666667,
    0.7166666666666667,
    0.8,
    0.6333333333333333,
    0.55,
    0.5,
    0.7666666666666667,
    0.13333333333333333,
    0.18333333333333332,
    0.55,
    0.55,
    1.5833333333333333,
    0.9833333333333333,
    0.9,
    1.0333333333333334,
    0.8333333333333334,
    0.55,
    0.6166666666666667,
    0.5666666666666667,
    0.38333333333333336,
    0.2,
    0.1,
    0.06666666666666667,
    0.3333333333333333,
    0.18333333333333332,
    0.21666666666666667,
    0.23333333333333334,
    0.31666666666666665,
    0.36666666666666664,
    0.13333333333333333,
    0.08333333333333333,
    0.05,
    0.2833333333333333,
    0.23333333333333334,
    0.65,
    0.13333333333333333,
    0.23333333333333334,
    0.13333333333333333,
    0.11666666666666667,
    0.21666666666666667,
    0.36666666666666664,
    0.45,
    0.05,
