{"outer": [[-1950.6629225745307, 1298.1460680969615], [-1946.152396193742, 210.11867780144414], [-1540.1036272526535, -466.3665806592353], [-721.5018672857444, -875.8097098858709], [233.28741956406532, -808.2185489101633], [625.0, -360.0], [208.21854891016332, 76.71258043593467], [956.8425732914274, 384.47672639427776], [2076.363961030679, -175.45227278524752], [2877.170825813696, 90.77735079965984], [3077.5263739635293, 885.1342308872353], [2404.864862135083, 1417.6216139782323], [1157.6348525094756, 1555.0621976800371], [-237.4327594257669, 1555.073289950921], [-1282.8904274501997, 1415.5651715637482]], "inner": [[-2029.3370774254693, 1341.8539319030385], [-2033.847603806258, 189.88132219855586], [-1599.8963727473465, -533.6334193407647], [-738.4981327142556, -964.1902901141291], [266.7125804359347, -891.7814510898367], [715.0, -360.0], [291.78145108983665, 43.28741956406533], [943.1574267085726, 295.52327360572224], [2063.636038969321, -264.5477272147525], [2942.829174186304, 29.222649200340157], [3162.4736260364707, 914.8657691127647], [2435.135137864917, 1502.3783860217677], [1162.3651474905244, 1644.9378023199629], [-242.5672405742331, 1644.926710049079], [-1297.1095725498003, 1504.4348284362518]]}