{"outer": [[118.91011147394998, 506.2166047366945], [122.16771386007515, 321.30793396770963], [190.0918247619724, 208.29080285721895], [330.63754029362906, 137.91520952687105], [494.4298030184916, 149.17549245377091], [552.0, 210.0], [476.3245075462291, 300.0701969815084], [641.441858488253, 372.12208017364503], [849.0961940777125, 268.1733585439879], [976.7900408654473, 310.2280866886432], [1008.8246034181044, 433.26361119633657], [898.5690670975599, 517.3933878731677], [673.7918379235102, 541.5449205466934], [417.3541181925017, 541.5529316312208], [225.63469128596688, 515.908179462707]], "inner": [[62.08988852605002, 537.7833952633056], [58.83228613992485, 306.69206603229037], [146.9081752380276, 159.70919714278105], [318.36245970637094, 74.08479047312896], [518.5701969815084, 88.82450754622907], [617.0, 210.0], [536.675492453771, 275.9298030184916], [631.558141511747, 307.87791982635497], [839.9038059222875, 203.82664145601208], [1024.2099591345527, 265.7719133113568], [1070.1753965818955, 454.73638880366343], [920.4309329024401, 578.6066121268323], [677.2081620764898, 606.4550794533066], [413.6458818074983, 606.4470683687792], [215.36530871403312, 580.091820537293]]}