{"outer": [[274.55831139163337, 226.36947797849564], [521.4741102376873, 148.9124444651441], [499.14684044161714, 204.48827520670136], [562.6806483454654, 183.4144711982071], [561.937376273318, 236.91624128696796], [666.1161006763921, 322.7682020179512], [642.3801110637671, 409.6317432727242], [81.71802475342173, 399.319454409913], [104.32575588367344, 394.75269601299965], [178.6448634716816, 395.3634368106962], [294.69094840010865, 348.824556050662], [298.0, 195.0]], "inner": [[253.4416886083666, 159.63052202150436], [516.5258897623127, 79.08755553485591], [536.8531595583828, 145.51172479329864], [597.3193516545346, 122.58552880179289], [618.062623726682, 195.08375871303204], [733.8838993236079, 305.2317979820488], [655.6198889362329, 478.3682567272758], [72.28197524657827, 468.680545590087], [61.67424411632656, 339.24730398700035], [165.3551365283184, 326.6365631893038], [233.30905159989132, 315.175443949338], [228.0, 195.0]]}