{"outer": [[228.41011147394997, 464.2166047366945], [231.66771386007514, 327.30793396770963], [281.5918247619724, 244.29080285721895], [386.13754029362906, 191.91520952687102], [507.9298030184916, 200.17549245377091], [547.5, 240.0], [489.8245075462291, 312.0701969815084], [624.941858488253, 372.12208017364503], [784.5961940777125, 292.1733585439879], [876.2900408654473, 322.2280866886432], [899.3246034181044, 409.26361119633657], [819.0690670975599, 469.3933878731678], [648.2918379235102, 487.54492054669345], [451.8541181925017, 487.55293163122076], [305.1346912859669, 467.9081794627071]], "inner": [[171.58988852605003, 495.7833952633055], [168.33228613992486, 312.69206603229037], [238.4081752380276, 195.70919714278105], [373.86245970637094, 128.08479047312898], [532.0701969815084, 139.82450754622909], [612.5, 240.0], [550.175492453771, 287.9298030184916], [615.058141511747, 307.87791982635497], [775.4038059222875, 227.82664145601208], [923.7099591345527, 277.7719133113568], [960.6753965818956, 430.73638880366343], [840.9309329024401, 530.6066121268323], [651.7081620764898, 552.4550794533066], [448.1458818074983, 552.4470683687792], [294.8653087140331, 532.091820537293]]}